z,filepath,x_km_min,x_km_max,y_km_min,y_km_max,x_axis_label,y_axis_label,axes_note
1,investigation/tempibhres_hres_registration_controlled_v4/figures_inferred_axes_km/deterministic_tempibhres/TEMP_surface_2024_z001.png,458.70812265264726,487.870002888995,4369.93390206069,4389.257784651033,x,y,inferred by registration to physically anchored HRes grid
2,investigation/tempibhres_hres_registration_controlled_v4/figures_inferred_axes_km/deterministic_tempibhres/TEMP_surface_2024_z002.png,458.70812265264726,487.870002888995,4369.93390206069,4389.257784651033,x,y,inferred by registration to physically anchored HRes grid
3,investigation/tempibhres_hres_registration_controlled_v4/figures_inferred_axes_km/deterministic_tempibhres/TEMP_surface_2024_z003.png,458.70812265264726,487.870002888995,4369.93390206069,4389.257784651033,x,y,inferred by registration to physically anchored HRes grid
4,investigation/tempibhres_hres_registration_controlled_v4/figures_inferred_axes_km/deterministic_tempibhres/TEMP_surface_2024_z004.png,458.70812265264726,487.870002888995,4369.93390206069,4389.257784651033,x,y,inferred by registration to physically anchored HRes grid
5,investigation/tempibhres_hres_registration_controlled_v4/figures_inferred_axes_km/deterministic_tempibhres/TEMP_surface_2024_z005.png,458.70812265264726,487.870002888995,4369.93390206069,4389.257784651033,x,y,inferred by registration to physically anchored HRes grid
6,investigation/tempibhres_hres_registration_controlled_v4/figures_inferred_axes_km/deterministic_tempibhres/TEMP_surface_2024_z006.png,458.70812265264726,487.870002888995,4369.93390206069,4389.257784651033,x,y,inferred by registration to physically anchored HRes grid
7,investigation/tempibhres_hres_registration_controlled_v4/figures_inferred_axes_km/deterministic_tempibhres/TEMP_surface_2024_z007.png,458.70812265264726,487.870002888995,4369.93390206069,4389.257784651033,x,y,inferred by registration to physically anchored HRes grid
8,investigation/tempibhres_hres_registration_controlled_v4/figures_inferred_axes_km/deterministic_tempibhres/TEMP_surface_2024_z008.png,458.70812265264726,487.870002888995,4369.93390206069,4389.257784651033,x,y,inferred by registration to physically anchored HRes grid
9,investigation/tempibhres_hres_registration_controlled_v4/figures_inferred_axes_km/deterministic_tempibhres/TEMP_surface_2024_z009.png,458.70812265264726,487.870002888995,4369.93390206069,4389.257784651033,x,y,inferred by registration to physically anchored HRes grid
10,investigation/tempibhres_hres_registration_controlled_v4/figures_inferred_axes_km/deterministic_tempibhres/TEMP_surface_2024_z010.png,458.70812265264726,487.870002888995,4369.93390206069,4389.257784651033,x,y,inferred by registration to physically anchored HRes grid
11,investigation/tempibhres_hres_registration_controlled_v4/figures_inferred_axes_km/deterministic_tempibhres/TEMP_surface_2024_z011.png,458.70812265264726,487.870002888995,4369.93390206069,4389.257784651033,x,y,inferred by registration to physically anchored HRes grid
12,investigation/tempibhres_hres_registration_controlled_v4/figures_inferred_axes_km/deterministic_tempibhres/TEMP_surface_2024_z012.png,458.70812265264726,487.870002888995,4369.93390206069,4389.257784651033,x,y,inferred by registration to physically anchored HRes grid
13,investigation/tempibhres_hres_registration_controlled_v4/figures_inferred_axes_km/deterministic_tempibhres/TEMP_surface_2024_z013.png,458.70812265264726,487.870002888995,4369.93390206069,4389.257784651033,x,y,inferred by registration to physically anchored HRes grid
14,investigation/tempibhres_hres_registration_controlled_v4/figures_inferred_axes_km/deterministic_tempibhres/TEMP_surface_2024_z014.png,458.70812265264726,487.870002888995,4369.93390206069,4389.257784651033,x,y,inferred by registration to physically anchored HRes grid
15,investigation/tempibhres_hres_registration_controlled_v4/figures_inferred_axes_km/deterministic_tempibhres/TEMP_surface_2024_z015.png,458.70812265264726,487.870002888995,4369.93390206069,4389.257784651033,x,y,inferred by registration to physically anchored HRes grid
16,investigation/tempibhres_hres_registration_controlled_v4/figures_inferred_axes_km/deterministic_tempibhres/TEMP_surface_2024_z016.png,458.70812265264726,487.870002888995,4369.93390206069,4389.257784651033,x,y,inferred by registration to physically anchored HRes grid
17,investigation/tempibhres_hres_registration_controlled_v4/figures_inferred_axes_km/deterministic_tempibhres/TEMP_surface_2024_z017.png,458.70812265264726,487.870002888995,4369.93390206069,4389.257784651033,x,y,inferred by registration to physically anchored HRes grid
18,investigation/tempibhres_hres_registration_controlled_v4/figures_inferred_axes_km/deterministic_tempibhres/TEMP_surface_2024_z018.png,458.70812265264726,487.870002888995,4369.93390206069,4389.257784651033,x,y,inferred by registration to physically anchored HRes grid
19,investigation/tempibhres_hres_registration_controlled_v4/figures_inferred_axes_km/deterministic_tempibhres/TEMP_surface_2024_z019.png,458.70812265264726,487.870002888995,4369.93390206069,4389.257784651033,x,y,inferred by registration to physically anchored HRes grid
20,investigation/tempibhres_hres_registration_controlled_v4/figures_inferred_axes_km/deterministic_tempibhres/TEMP_surface_2024_z020.png,458.70812265264726,487.870002888995,4369.93390206069,4389.257784651033,x,y,inferred by registration to physically anchored HRes grid
21,investigation/tempibhres_hres_registration_controlled_v4/figures_inferred_axes_km/deterministic_tempibhres/TEMP_surface_2024_z021.png,458.70812265264726,487.870002888995,4369.93390206069,4389.257784651033,x,y,inferred by registration to physically anchored HRes grid
22,investigation/tempibhres_hres_registration_controlled_v4/figures_inferred_axes_km/deterministic_tempibhres/TEMP_surface_2024_z022.png,458.70812265264726,487.870002888995,4369.93390206069,4389.257784651033,x,y,inferred by registration to physically anchored HRes grid
23,investigation/tempibhres_hres_registration_controlled_v4/figures_inferred_axes_km/deterministic_tempibhres/TEMP_surface_2024_z023.png,458.70812265264726,487.870002888995,4369.93390206069,4389.257784651033,x,y,inferred by registration to physically anchored HRes grid
24,investigation/tempibhres_hres_registration_controlled_v4/figures_inferred_axes_km/deterministic_tempibhres/TEMP_surface_2024_z024.png,458.70812265264726,487.870002888995,4369.93390206069,4389.257784651033,x,y,inferred by registration to physically anchored HRes grid
25,investigation/tempibhres_hres_registration_controlled_v4/figures_inferred_axes_km/deterministic_tempibhres/TEMP_surface_2024_z025.png,458.70812265264726,487.870002888995,4369.93390206069,4389.257784651033,x,y,inferred by registration to physically anchored HRes grid
26,investigation/tempibhres_hres_registration_controlled_v4/figures_inferred_axes_km/deterministic_tempibhres/TEMP_surface_2024_z026.png,458.70812265264726,487.870002888995,4369.93390206069,4389.257784651033,x,y,inferred by registration to physically anchored HRes grid
27,investigation/tempibhres_hres_registration_controlled_v4/figures_inferred_axes_km/deterministic_tempibhres/TEMP_surface_2024_z027.png,458.70812265264726,487.870002888995,4369.93390206069,4389.257784651033,x,y,inferred by registration to physically anchored HRes grid
28,investigation/tempibhres_hres_registration_controlled_v4/figures_inferred_axes_km/deterministic_tempibhres/TEMP_surface_2024_z028.png,458.70812265264726,487.870002888995,4369.93390206069,4389.257784651033,x,y,inferred by registration to physically anchored HRes grid
29,investigation/tempibhres_hres_registration_controlled_v4/figures_inferred_axes_km/deterministic_tempibhres/TEMP_surface_2024_z029.png,458.70812265264726,487.870002888995,4369.93390206069,4389.257784651033,x,y,inferred by registration to physically anchored HRes grid
30,investigation/tempibhres_hres_registration_controlled_v4/figures_inferred_axes_km/deterministic_tempibhres/TEMP_surface_2024_z030.png,458.70812265264726,487.870002888995,4369.93390206069,4389.257784651033,x,y,inferred by registration to physically anchored HRes grid
31,investigation/tempibhres_hres_registration_controlled_v4/figures_inferred_axes_km/deterministic_tempibhres/TEMP_surface_2024_z031.png,458.70812265264726,487.870002888995,4369.93390206069,4389.257784651033,x,y,inferred by registration to physically anchored HRes grid
32,investigation/tempibhres_hres_registration_controlled_v4/figures_inferred_axes_km/deterministic_tempibhres/TEMP_surface_2024_z032.png,458.70812265264726,487.870002888995,4369.93390206069,4389.257784651033,x,y,inferred by registration to physically anchored HRes grid
33,investigation/tempibhres_hres_registration_controlled_v4/figures_inferred_axes_km/deterministic_tempibhres/TEMP_surface_2024_z033.png,458.70812265264726,487.870002888995,4369.93390206069,4389.257784651033,x,y,inferred by registration to physically anchored HRes grid
34,investigation/tempibhres_hres_registration_controlled_v4/figures_inferred_axes_km/deterministic_tempibhres/TEMP_surface_2024_z034.png,458.70812265264726,487.870002888995,4369.93390206069,4389.257784651033,x,y,inferred by registration to physically anchored HRes grid
35,investigation/tempibhres_hres_registration_controlled_v4/figures_inferred_axes_km/deterministic_tempibhres/TEMP_surface_2024_z035.png,458.70812265264726,487.870002888995,4369.93390206069,4389.257784651033,x,y,inferred by registration to physically anchored HRes grid
36,investigation/tempibhres_hres_registration_controlled_v4/figures_inferred_axes_km/deterministic_tempibhres/TEMP_surface_2024_z036.png,458.70812265264726,487.870002888995,4369.93390206069,4389.257784651033,x,y,inferred by registration to physically anchored HRes grid
37,investigation/tempibhres_hres_registration_controlled_v4/figures_inferred_axes_km/deterministic_tempibhres/TEMP_surface_2024_z037.png,458.70812265264726,487.870002888995,4369.93390206069,4389.257784651033,x,y,inferred by registration to physically anchored HRes grid
38,investigation/tempibhres_hres_registration_controlled_v4/figures_inferred_axes_km/deterministic_tempibhres/TEMP_surface_2024_z038.png,458.70812265264726,487.870002888995,4369.93390206069,4389.257784651033,x,y,inferred by registration to physically anchored HRes grid
39,investigation/tempibhres_hres_registration_controlled_v4/figures_inferred_axes_km/deterministic_tempibhres/TEMP_surface_2024_z039.png,458.70812265264726,487.870002888995,4369.93390206069,4389.257784651033,x,y,inferred by registration to physically anchored HRes grid
40,investigation/tempibhres_hres_registration_controlled_v4/figures_inferred_axes_km/deterministic_tempibhres/TEMP_surface_2024_z040.png,458.70812265264726,487.870002888995,4369.93390206069,4389.257784651033,x,y,inferred by registration to physically anchored HRes grid
41,investigation/tempibhres_hres_registration_controlled_v4/figures_inferred_axes_km/deterministic_tempibhres/TEMP_surface_2024_z041.png,458.70812265264726,487.870002888995,4369.93390206069,4389.257784651033,x,y,inferred by registration to physically anchored HRes grid
42,investigation/tempibhres_hres_registration_controlled_v4/figures_inferred_axes_km/deterministic_tempibhres/TEMP_surface_2024_z042.png,458.70812265264726,487.870002888995,4369.93390206069,4389.257784651033,x,y,inferred by registration to physically anchored HRes grid
43,investigation/tempibhres_hres_registration_controlled_v4/figures_inferred_axes_km/deterministic_tempibhres/TEMP_surface_2024_z043.png,458.70812265264726,487.870002888995,4369.93390206069,4389.257784651033,x,y,inferred by registration to physically anchored HRes grid
44,investigation/tempibhres_hres_registration_controlled_v4/figures_inferred_axes_km/deterministic_tempibhres/TEMP_surface_2024_z044.png,458.70812265264726,487.870002888995,4369.93390206069,4389.257784651033,x,y,inferred by registration to physically anchored HRes grid
45,investigation/tempibhres_hres_registration_controlled_v4/figures_inferred_axes_km/deterministic_tempibhres/TEMP_surface_2024_z045.png,458.70812265264726,487.870002888995,4369.93390206069,4389.257784651033,x,y,inferred by registration to physically anchored HRes grid
46,investigation/tempibhres_hres_registration_controlled_v4/figures_inferred_axes_km/deterministic_tempibhres/TEMP_surface_2024_z046.png,458.70812265264726,487.870002888995,4369.93390206069,4389.257784651033,x,y,inferred by registration to physically anchored HRes grid
47,investigation/tempibhres_hres_registration_controlled_v4/figures_inferred_axes_km/deterministic_tempibhres/TEMP_surface_2024_z047.png,458.70812265264726,487.870002888995,4369.93390206069,4389.257784651033,x,y,inferred by registration to physically anchored HRes grid
48,investigation/tempibhres_hres_registration_controlled_v4/figures_inferred_axes_km/deterministic_tempibhres/TEMP_surface_2024_z048.png,458.70812265264726,487.870002888995,4369.93390206069,4389.257784651033,x,y,inferred by registration to physically anchored HRes grid
49,investigation/tempibhres_hres_registration_controlled_v4/figures_inferred_axes_km/deterministic_tempibhres/TEMP_surface_2024_z049.png,458.70812265264726,487.870002888995,4369.93390206069,4389.257784651033,x,y,inferred by registration to physically anchored HRes grid
50,investigation/tempibhres_hres_registration_controlled_v4/figures_inferred_axes_km/deterministic_tempibhres/TEMP_surface_2024_z050.png,458.70812265264726,487.870002888995,4369.93390206069,4389.257784651033,x,y,inferred by registration to physically anchored HRes grid
51,investigation/tempibhres_hres_registration_controlled_v4/figures_inferred_axes_km/deterministic_tempibhres/TEMP_surface_2024_z051.png,458.70812265264726,487.870002888995,4369.93390206069,4389.257784651033,x,y,inferred by registration to physically anchored HRes grid
52,investigation/tempibhres_hres_registration_controlled_v4/figures_inferred_axes_km/deterministic_tempibhres/TEMP_surface_2024_z052.png,458.70812265264726,487.870002888995,4369.93390206069,4389.257784651033,x,y,inferred by registration to physically anchored HRes grid
53,investigation/tempibhres_hres_registration_controlled_v4/figures_inferred_axes_km/deterministic_tempibhres/TEMP_surface_2024_z053.png,458.70812265264726,487.870002888995,4369.93390206069,4389.257784651033,x,y,inferred by registration to physically anchored HRes grid
54,investigation/tempibhres_hres_registration_controlled_v4/figures_inferred_axes_km/deterministic_tempibhres/TEMP_surface_2024_z054.png,458.70812265264726,487.870002888995,4369.93390206069,4389.257784651033,x,y,inferred by registration to physically anchored HRes grid
55,investigation/tempibhres_hres_registration_controlled_v4/figures_inferred_axes_km/deterministic_tempibhres/TEMP_surface_2024_z055.png,458.70812265264726,487.870002888995,4369.93390206069,4389.257784651033,x,y,inferred by registration to physically anchored HRes grid
56,investigation/tempibhres_hres_registration_controlled_v4/figures_inferred_axes_km/deterministic_tempibhres/TEMP_surface_2024_z056.png,458.70812265264726,487.870002888995,4369.93390206069,4389.257784651033,x,y,inferred by registration to physically anchored HRes grid
57,investigation/tempibhres_hres_registration_controlled_v4/figures_inferred_axes_km/deterministic_tempibhres/TEMP_surface_2024_z057.png,458.70812265264726,487.870002888995,4369.93390206069,4389.257784651033,x,y,inferred by registration to physically anchored HRes grid
58,investigation/tempibhres_hres_registration_controlled_v4/figures_inferred_axes_km/deterministic_tempibhres/TEMP_surface_2024_z058.png,458.70812265264726,487.870002888995,4369.93390206069,4389.257784651033,x,y,inferred by registration to physically anchored HRes grid
59,investigation/tempibhres_hres_registration_controlled_v4/figures_inferred_axes_km/deterministic_tempibhres/TEMP_surface_2024_z059.png,458.70812265264726,487.870002888995,4369.93390206069,4389.257784651033,x,y,inferred by registration to physically anchored HRes grid
60,investigation/tempibhres_hres_registration_controlled_v4/figures_inferred_axes_km/deterministic_tempibhres/TEMP_surface_2024_z060.png,458.70812265264726,487.870002888995,4369.93390206069,4389.257784651033,x,y,inferred by registration to physically anchored HRes grid
61,investigation/tempibhres_hres_registration_controlled_v4/figures_inferred_axes_km/deterministic_tempibhres/TEMP_surface_2024_z061.png,458.70812265264726,487.870002888995,4369.93390206069,4389.257784651033,x,y,inferred by registration to physically anchored HRes grid
62,investigation/tempibhres_hres_registration_controlled_v4/figures_inferred_axes_km/deterministic_tempibhres/TEMP_surface_2024_z062.png,458.70812265264726,487.870002888995,4369.93390206069,4389.257784651033,x,y,inferred by registration to physically anchored HRes grid
63,investigation/tempibhres_hres_registration_controlled_v4/figures_inferred_axes_km/deterministic_tempibhres/TEMP_surface_2024_z063.png,458.70812265264726,487.870002888995,4369.93390206069,4389.257784651033,x,y,inferred by registration to physically anchored HRes grid
64,investigation/tempibhres_hres_registration_controlled_v4/figures_inferred_axes_km/deterministic_tempibhres/TEMP_surface_2024_z064.png,458.70812265264726,487.870002888995,4369.93390206069,4389.257784651033,x,y,inferred by registration to physically anchored HRes grid
65,investigation/tempibhres_hres_registration_controlled_v4/figures_inferred_axes_km/deterministic_tempibhres/TEMP_surface_2024_z065.png,458.70812265264726,487.870002888995,4369.93390206069,4389.257784651033,x,y,inferred by registration to physically anchored HRes grid
66,investigation/tempibhres_hres_registration_controlled_v4/figures_inferred_axes_km/deterministic_tempibhres/TEMP_surface_2024_z066.png,458.70812265264726,487.870002888995,4369.93390206069,4389.257784651033,x,y,inferred by registration to physically anchored HRes grid
67,investigation/tempibhres_hres_registration_controlled_v4/figures_inferred_axes_km/deterministic_tempibhres/TEMP_surface_2024_z067.png,458.70812265264726,487.870002888995,4369.93390206069,4389.257784651033,x,y,inferred by registration to physically anchored HRes grid
68,investigation/tempibhres_hres_registration_controlled_v4/figures_inferred_axes_km/deterministic_tempibhres/TEMP_surface_2024_z068.png,458.70812265264726,487.870002888995,4369.93390206069,4389.257784651033,x,y,inferred by registration to physically anchored HRes grid
69,investigation/tempibhres_hres_registration_controlled_v4/figures_inferred_axes_km/deterministic_tempibhres/TEMP_surface_2024_z069.png,458.70812265264726,487.870002888995,4369.93390206069,4389.257784651033,x,y,inferred by registration to physically anchored HRes grid
70,investigation/tempibhres_hres_registration_controlled_v4/figures_inferred_axes_km/deterministic_tempibhres/TEMP_surface_2024_z070.png,458.70812265264726,487.870002888995,4369.93390206069,4389.257784651033,x,y,inferred by registration to physically anchored HRes grid
71,investigation/tempibhres_hres_registration_controlled_v4/figures_inferred_axes_km/deterministic_tempibhres/TEMP_surface_2024_z071.png,458.70812265264726,487.870002888995,4369.93390206069,4389.257784651033,x,y,inferred by registration to physically anchored HRes grid
72,investigation/tempibhres_hres_registration_controlled_v4/figures_inferred_axes_km/deterministic_tempibhres/TEMP_surface_2024_z072.png,458.70812265264726,487.870002888995,4369.93390206069,4389.257784651033,x,y,inferred by registration to physically anchored HRes grid
73,investigation/tempibhres_hres_registration_controlled_v4/figures_inferred_axes_km/deterministic_tempibhres/TEMP_surface_2024_z073.png,458.70812265264726,487.870002888995,4369.93390206069,4389.257784651033,x,y,inferred by registration to physically anchored HRes grid
74,investigation/tempibhres_hres_registration_controlled_v4/figures_inferred_axes_km/deterministic_tempibhres/TEMP_surface_2024_z074.png,458.70812265264726,487.870002888995,4369.93390206069,4389.257784651033,x,y,inferred by registration to physically anchored HRes grid
75,investigation/tempibhres_hres_registration_controlled_v4/figures_inferred_axes_km/deterministic_tempibhres/TEMP_surface_2024_z075.png,458.70812265264726,487.870002888995,4369.93390206069,4389.257784651033,x,y,inferred by registration to physically anchored HRes grid
76,investigation/tempibhres_hres_registration_controlled_v4/figures_inferred_axes_km/deterministic_tempibhres/TEMP_surface_2024_z076.png,458.70812265264726,487.870002888995,4369.93390206069,4389.257784651033,x,y,inferred by registration to physically anchored HRes grid
77,investigation/tempibhres_hres_registration_controlled_v4/figures_inferred_axes_km/deterministic_tempibhres/TEMP_surface_2024_z077.png,458.70812265264726,487.870002888995,4369.93390206069,4389.257784651033,x,y,inferred by registration to physically anchored HRes grid
78,investigation/tempibhres_hres_registration_controlled_v4/figures_inferred_axes_km/deterministic_tempibhres/TEMP_surface_2024_z078.png,458.70812265264726,487.870002888995,4369.93390206069,4389.257784651033,x,y,inferred by registration to physically anchored HRes grid
79,investigation/tempibhres_hres_registration_controlled_v4/figures_inferred_axes_km/deterministic_tempibhres/TEMP_surface_2024_z079.png,458.70812265264726,487.870002888995,4369.93390206069,4389.257784651033,x,y,inferred by registration to physically anchored HRes grid
80,investigation/tempibhres_hres_registration_controlled_v4/figures_inferred_axes_km/deterministic_tempibhres/TEMP_surface_2024_z080.png,458.70812265264726,487.870002888995,4369.93390206069,4389.257784651033,x,y,inferred by registration to physically anchored HRes grid
81,investigation/tempibhres_hres_registration_controlled_v4/figures_inferred_axes_km/deterministic_tempibhres/TEMP_surface_2024_z081.png,458.70812265264726,487.870002888995,4369.93390206069,4389.257784651033,x,y,inferred by registration to physically anchored HRes grid
82,investigation/tempibhres_hres_registration_controlled_v4/figures_inferred_axes_km/deterministic_tempibhres/TEMP_surface_2024_z082.png,458.70812265264726,487.870002888995,4369.93390206069,4389.257784651033,x,y,inferred by registration to physically anchored HRes grid
83,investigation/tempibhres_hres_registration_controlled_v4/figures_inferred_axes_km/deterministic_tempibhres/TEMP_surface_2024_z083.png,458.70812265264726,487.870002888995,4369.93390206069,4389.257784651033,x,y,inferred by registration to physically anchored HRes grid
84,investigation/tempibhres_hres_registration_controlled_v4/figures_inferred_axes_km/deterministic_tempibhres/TEMP_surface_2024_z084.png,458.70812265264726,487.870002888995,4369.93390206069,4389.257784651033,x,y,inferred by registration to physically anchored HRes grid
85,investigation/tempibhres_hres_registration_controlled_v4/figures_inferred_axes_km/deterministic_tempibhres/TEMP_surface_2024_z085.png,458.70812265264726,487.870002888995,4369.93390206069,4389.257784651033,x,y,inferred by registration to physically anchored HRes grid
86,investigation/tempibhres_hres_registration_controlled_v4/figures_inferred_axes_km/deterministic_tempibhres/TEMP_surface_2024_z086.png,458.70812265264726,487.870002888995,4369.93390206069,4389.257784651033,x,y,inferred by registration to physically anchored HRes grid
87,investigation/tempibhres_hres_registration_controlled_v4/figures_inferred_axes_km/deterministic_tempibhres/TEMP_surface_2024_z087.png,458.70812265264726,487.870002888995,4369.93390206069,4389.257784651033,x,y,inferred by registration to physically anchored HRes grid
88,investigation/tempibhres_hres_registration_controlled_v4/figures_inferred_axes_km/deterministic_tempibhres/TEMP_surface_2024_z088.png,458.70812265264726,487.870002888995,4369.93390206069,4389.257784651033,x,y,inferred by registration to physically anchored HRes grid
89,investigation/tempibhres_hres_registration_controlled_v4/figures_inferred_axes_km/deterministic_tempibhres/TEMP_surface_2024_z089.png,458.70812265264726,487.870002888995,4369.93390206069,4389.257784651033,x,y,inferred by registration to physically anchored HRes grid
90,investigation/tempibhres_hres_registration_controlled_v4/figures_inferred_axes_km/deterministic_tempibhres/TEMP_surface_2024_z090.png,458.70812265264726,487.870002888995,4369.93390206069,4389.257784651033,x,y,inferred by registration to physically anchored HRes grid
91,investigation/tempibhres_hres_registration_controlled_v4/figures_inferred_axes_km/deterministic_tempibhres/TEMP_surface_2024_z091.png,458.70812265264726,487.870002888995,4369.93390206069,4389.257784651033,x,y,inferred by registration to physically anchored HRes grid
92,investigation/tempibhres_hres_registration_controlled_v4/figures_inferred_axes_km/deterministic_tempibhres/TEMP_surface_2024_z092.png,458.70812265264726,487.870002888995,4369.93390206069,4389.257784651033,x,y,inferred by registration to physically anchored HRes grid
93,investigation/tempibhres_hres_registration_controlled_v4/figures_inferred_axes_km/deterministic_tempibhres/TEMP_surface_2024_z093.png,458.70812265264726,487.870002888995,4369.93390206069,4389.257784651033,x,y,inferred by registration to physically anchored HRes grid
94,investigation/tempibhres_hres_registration_controlled_v4/figures_inferred_axes_km/deterministic_tempibhres/TEMP_surface_2024_z094.png,458.70812265264726,487.870002888995,4369.93390206069,4389.257784651033,x,y,inferred by registration to physically anchored HRes grid
95,investigation/tempibhres_hres_registration_controlled_v4/figures_inferred_axes_km/deterministic_tempibhres/TEMP_surface_2024_z095.png,458.70812265264726,487.870002888995,4369.93390206069,4389.257784651033,x,y,inferred by registration to physically anchored HRes grid
96,investigation/tempibhres_hres_registration_controlled_v4/figures_inferred_axes_km/deterministic_tempibhres/TEMP_surface_2024_z096.png,458.70812265264726,487.870002888995,4369.93390206069,4389.257784651033,x,y,inferred by registration to physically anchored HRes grid
97,investigation/tempibhres_hres_registration_controlled_v4/figures_inferred_axes_km/deterministic_tempibhres/TEMP_surface_2024_z097.png,458.70812265264726,487.870002888995,4369.93390206069,4389.257784651033,x,y,inferred by registration to physically anchored HRes grid
98,investigation/tempibhres_hres_registration_controlled_v4/figures_inferred_axes_km/deterministic_tempibhres/TEMP_surface_2024_z098.png,458.70812265264726,487.870002888995,4369.93390206069,4389.257784651033,x,y,inferred by registration to physically anchored HRes grid
99,investigation/tempibhres_hres_registration_controlled_v4/figures_inferred_axes_km/deterministic_tempibhres/TEMP_surface_2024_z099.png,458.70812265264726,487.870002888995,4369.93390206069,4389.257784651033,x,y,inferred by registration to physically anchored HRes grid
100,investigation/tempibhres_hres_registration_controlled_v4/figures_inferred_axes_km/deterministic_tempibhres/TEMP_surface_2024_z100.png,458.70812265264726,487.870002888995,4369.93390206069,4389.257784651033,x,y,inferred by registration to physically anchored HRes grid
101,investigation/tempibhres_hres_registration_controlled_v4/figures_inferred_axes_km/deterministic_tempibhres/TEMP_surface_2024_z101.png,458.70812265264726,487.870002888995,4369.93390206069,4389.257784651033,x,y,inferred by registration to physically anchored HRes grid
102,investigation/tempibhres_hres_registration_controlled_v4/figures_inferred_axes_km/deterministic_tempibhres/TEMP_surface_2024_z102.png,458.70812265264726,487.870002888995,4369.93390206069,4389.257784651033,x,y,inferred by registration to physically anchored HRes grid
103,investigation/tempibhres_hres_registration_controlled_v4/figures_inferred_axes_km/deterministic_tempibhres/TEMP_surface_2024_z103.png,458.70812265264726,487.870002888995,4369.93390206069,4389.257784651033,x,y,inferred by registration to physically anchored HRes grid
104,investigation/tempibhres_hres_registration_controlled_v4/figures_inferred_axes_km/deterministic_tempibhres/TEMP_surface_2024_z104.png,458.70812265264726,487.870002888995,4369.93390206069,4389.257784651033,x,y,inferred by registration to physically anchored HRes grid
105,investigation/tempibhres_hres_registration_controlled_v4/figures_inferred_axes_km/deterministic_tempibhres/TEMP_surface_2024_z105.png,458.70812265264726,487.870002888995,4369.93390206069,4389.257784651033,x,y,inferred by registration to physically anchored HRes grid
106,investigation/tempibhres_hres_registration_controlled_v4/figures_inferred_axes_km/deterministic_tempibhres/TEMP_surface_2024_z106.png,458.70812265264726,487.870002888995,4369.93390206069,4389.257784651033,x,y,inferred by registration to physically anchored HRes grid
107,investigation/tempibhres_hres_registration_controlled_v4/figures_inferred_axes_km/deterministic_tempibhres/TEMP_surface_2024_z107.png,458.70812265264726,487.870002888995,4369.93390206069,4389.257784651033,x,y,inferred by registration to physically anchored HRes grid
108,investigation/tempibhres_hres_registration_controlled_v4/figures_inferred_axes_km/deterministic_tempibhres/TEMP_surface_2024_z108.png,458.70812265264726,487.870002888995,4369.93390206069,4389.257784651033,x,y,inferred by registration to physically anchored HRes grid
109,investigation/tempibhres_hres_registration_controlled_v4/figures_inferred_axes_km/deterministic_tempibhres/TEMP_surface_2024_z109.png,458.70812265264726,487.870002888995,4369.93390206069,4389.257784651033,x,y,inferred by registration to physically anchored HRes grid
110,investigation/tempibhres_hres_registration_controlled_v4/figures_inferred_axes_km/deterministic_tempibhres/TEMP_surface_2024_z110.png,458.70812265264726,487.870002888995,4369.93390206069,4389.257784651033,x,y,inferred by registration to physically anchored HRes grid
111,investigation/tempibhres_hres_registration_controlled_v4/figures_inferred_axes_km/deterministic_tempibhres/TEMP_surface_2024_z111.png,458.70812265264726,487.870002888995,4369.93390206069,4389.257784651033,x,y,inferred by registration to physically anchored HRes grid
112,investigation/tempibhres_hres_registration_controlled_v4/figures_inferred_axes_km/deterministic_tempibhres/TEMP_surface_2024_z112.png,458.70812265264726,487.870002888995,4369.93390206069,4389.257784651033,x,y,inferred by registration to physically anchored HRes grid
113,investigation/tempibhres_hres_registration_controlled_v4/figures_inferred_axes_km/deterministic_tempibhres/TEMP_surface_2024_z113.png,458.70812265264726,487.870002888995,4369.93390206069,4389.257784651033,x,y,inferred by registration to physically anchored HRes grid
114,investigation/tempibhres_hres_registration_controlled_v4/figures_inferred_axes_km/deterministic_tempibhres/TEMP_surface_2024_z114.png,458.70812265264726,487.870002888995,4369.93390206069,4389.257784651033,x,y,inferred by registration to physically anchored HRes grid
115,investigation/tempibhres_hres_registration_controlled_v4/figures_inferred_axes_km/deterministic_tempibhres/TEMP_surface_2024_z115.png,458.70812265264726,487.870002888995,4369.93390206069,4389.257784651033,x,y,inferred by registration to physically anchored HRes grid
116,investigation/tempibhres_hres_registration_controlled_v4/figures_inferred_axes_km/deterministic_tempibhres/TEMP_surface_2024_z116.png,458.70812265264726,487.870002888995,4369.93390206069,4389.257784651033,x,y,inferred by registration to physically anchored HRes grid
117,investigation/tempibhres_hres_registration_controlled_v4/figures_inferred_axes_km/deterministic_tempibhres/TEMP_surface_2024_z117.png,458.70812265264726,487.870002888995,4369.93390206069,4389.257784651033,x,y,inferred by registration to physically anchored HRes grid
118,investigation/tempibhres_hres_registration_controlled_v4/figures_inferred_axes_km/deterministic_tempibhres/TEMP_surface_2024_z118.png,458.70812265264726,487.870002888995,4369.93390206069,4389.257784651033,x,y,inferred by registration to physically anchored HRes grid
119,investigation/tempibhres_hres_registration_controlled_v4/figures_inferred_axes_km/deterministic_tempibhres/TEMP_surface_2024_z119.png,458.70812265264726,487.870002888995,4369.93390206069,4389.257784651033,x,y,inferred by registration to physically anchored HRes grid
120,investigation/tempibhres_hres_registration_controlled_v4/figures_inferred_axes_km/deterministic_tempibhres/TEMP_surface_2024_z120.png,458.70812265264726,487.870002888995,4369.93390206069,4389.257784651033,x,y,inferred by registration to physically anchored HRes grid
121,investigation/tempibhres_hres_registration_controlled_v4/figures_inferred_axes_km/deterministic_tempibhres/TEMP_surface_2024_z121.png,458.70812265264726,487.870002888995,4369.93390206069,4389.257784651033,x,y,inferred by registration to physically anchored HRes grid
122,investigation/tempibhres_hres_registration_controlled_v4/figures_inferred_axes_km/deterministic_tempibhres/TEMP_surface_2024_z122.png,458.70812265264726,487.870002888995,4369.93390206069,4389.257784651033,x,y,inferred by registration to physically anchored HRes grid
123,investigation/tempibhres_hres_registration_controlled_v4/figures_inferred_axes_km/deterministic_tempibhres/TEMP_surface_2024_z123.png,458.70812265264726,487.870002888995,4369.93390206069,4389.257784651033,x,y,inferred by registration to physically anchored HRes grid
124,investigation/tempibhres_hres_registration_controlled_v4/figures_inferred_axes_km/deterministic_tempibhres/TEMP_surface_2024_z124.png,458.70812265264726,487.870002888995,4369.93390206069,4389.257784651033,x,y,inferred by registration to physically anchored HRes grid
125,investigation/tempibhres_hres_registration_controlled_v4/figures_inferred_axes_km/deterministic_tempibhres/TEMP_surface_2024_z125.png,458.70812265264726,487.870002888995,4369.93390206069,4389.257784651033,x,y,inferred by registration to physically anchored HRes grid
126,investigation/tempibhres_hres_registration_controlled_v4/figures_inferred_axes_km/deterministic_tempibhres/TEMP_surface_2024_z126.png,458.70812265264726,487.870002888995,4369.93390206069,4389.257784651033,x,y,inferred by registration to physically anchored HRes grid
127,investigation/tempibhres_hres_registration_controlled_v4/figures_inferred_axes_km/deterministic_tempibhres/TEMP_surface_2024_z127.png,458.70812265264726,487.870002888995,4369.93390206069,4389.257784651033,x,y,inferred by registration to physically anchored HRes grid
128,investigation/tempibhres_hres_registration_controlled_v4/figures_inferred_axes_km/deterministic_tempibhres/TEMP_surface_2024_z128.png,458.70812265264726,487.870002888995,4369.93390206069,4389.257784651033,x,y,inferred by registration to physically anchored HRes grid
129,investigation/tempibhres_hres_registration_controlled_v4/figures_inferred_axes_km/deterministic_tempibhres/TEMP_surface_2024_z129.png,458.70812265264726,487.870002888995,4369.93390206069,4389.257784651033,x,y,inferred by registration to physically anchored HRes grid
130,investigation/tempibhres_hres_registration_controlled_v4/figures_inferred_axes_km/deterministic_tempibhres/TEMP_surface_2024_z130.png,458.70812265264726,487.870002888995,4369.93390206069,4389.257784651033,x,y,inferred by registration to physically anchored HRes grid
131,investigation/tempibhres_hres_registration_controlled_v4/figures_inferred_axes_km/deterministic_tempibhres/TEMP_surface_2024_z131.png,458.70812265264726,487.870002888995,4369.93390206069,4389.257784651033,x,y,inferred by registration to physically anchored HRes grid
132,investigation/tempibhres_hres_registration_controlled_v4/figures_inferred_axes_km/deterministic_tempibhres/TEMP_surface_2024_z132.png,458.70812265264726,487.870002888995,4369.93390206069,4389.257784651033,x,y,inferred by registration to physically anchored HRes grid
133,investigation/tempibhres_hres_registration_controlled_v4/figures_inferred_axes_km/deterministic_tempibhres/TEMP_surface_2024_z133.png,458.70812265264726,487.870002888995,4369.93390206069,4389.257784651033,x,y,inferred by registration to physically anchored HRes grid
134,investigation/tempibhres_hres_registration_controlled_v4/figures_inferred_axes_km/deterministic_tempibhres/TEMP_surface_2024_z134.png,458.70812265264726,487.870002888995,4369.93390206069,4389.257784651033,x,y,inferred by registration to physically anchored HRes grid
135,investigation/tempibhres_hres_registration_controlled_v4/figures_inferred_axes_km/deterministic_tempibhres/TEMP_surface_2024_z135.png,458.70812265264726,487.870002888995,4369.93390206069,4389.257784651033,x,y,inferred by registration to physically anchored HRes grid
136,investigation/tempibhres_hres_registration_controlled_v4/figures_inferred_axes_km/deterministic_tempibhres/TEMP_surface_2024_z136.png,458.70812265264726,487.870002888995,4369.93390206069,4389.257784651033,x,y,inferred by registration to physically anchored HRes grid
137,investigation/tempibhres_hres_registration_controlled_v4/figures_inferred_axes_km/deterministic_tempibhres/TEMP_surface_2024_z137.png,458.70812265264726,487.870002888995,4369.93390206069,4389.257784651033,x,y,inferred by registration to physically anchored HRes grid
138,investigation/tempibhres_hres_registration_controlled_v4/figures_inferred_axes_km/deterministic_tempibhres/TEMP_surface_2024_z138.png,458.70812265264726,487.870002888995,4369.93390206069,4389.257784651033,x,y,inferred by registration to physically anchored HRes grid
139,investigation/tempibhres_hres_registration_controlled_v4/figures_inferred_axes_km/deterministic_tempibhres/TEMP_surface_2024_z139.png,458.70812265264726,487.870002888995,4369.93390206069,4389.257784651033,x,y,inferred by registration to physically anchored HRes grid
140,investigation/tempibhres_hres_registration_controlled_v4/figures_inferred_axes_km/deterministic_tempibhres/TEMP_surface_2024_z140.png,458.70812265264726,487.870002888995,4369.93390206069,4389.257784651033,x,y,inferred by registration to physically anchored HRes grid
141,investigation/tempibhres_hres_registration_controlled_v4/figures_inferred_axes_km/deterministic_tempibhres/TEMP_surface_2024_z141.png,458.70812265264726,487.870002888995,4369.93390206069,4389.257784651033,x,y,inferred by registration to physically anchored HRes grid
142,investigation/tempibhres_hres_registration_controlled_v4/figures_inferred_axes_km/deterministic_tempibhres/TEMP_surface_2024_z142.png,458.70812265264726,487.870002888995,4369.93390206069,4389.257784651033,x,y,inferred by registration to physically anchored HRes grid
143,investigation/tempibhres_hres_registration_controlled_v4/figures_inferred_axes_km/deterministic_tempibhres/TEMP_surface_2024_z143.png,458.70812265264726,487.870002888995,4369.93390206069,4389.257784651033,x,y,inferred by registration to physically anchored HRes grid
144,investigation/tempibhres_hres_registration_controlled_v4/figures_inferred_axes_km/deterministic_tempibhres/TEMP_surface_2024_z144.png,458.70812265264726,487.870002888995,4369.93390206069,4389.257784651033,x,y,inferred by registration to physically anchored HRes grid
145,investigation/tempibhres_hres_registration_controlled_v4/figures_inferred_axes_km/deterministic_tempibhres/TEMP_surface_2024_z145.png,458.70812265264726,487.870002888995,4369.93390206069,4389.257784651033,x,y,inferred by registration to physically anchored HRes grid
146,investigation/tempibhres_hres_registration_controlled_v4/figures_inferred_axes_km/deterministic_tempibhres/TEMP_surface_2024_z146.png,458.70812265264726,487.870002888995,4369.93390206069,4389.257784651033,x,y,inferred by registration to physically anchored HRes grid
147,investigation/tempibhres_hres_registration_controlled_v4/figures_inferred_axes_km/deterministic_tempibhres/TEMP_surface_2024_z147.png,458.70812265264726,487.870002888995,4369.93390206069,4389.257784651033,x,y,inferred by registration to physically anchored HRes grid
148,investigation/tempibhres_hres_registration_controlled_v4/figures_inferred_axes_km/deterministic_tempibhres/TEMP_surface_2024_z148.png,458.70812265264726,487.870002888995,4369.93390206069,4389.257784651033,x,y,inferred by registration to physically anchored HRes grid
149,investigation/tempibhres_hres_registration_controlled_v4/figures_inferred_axes_km/deterministic_tempibhres/TEMP_surface_2024_z149.png,458.70812265264726,487.870002888995,4369.93390206069,4389.257784651033,x,y,inferred by registration to physically anchored HRes grid
150,investigation/tempibhres_hres_registration_controlled_v4/figures_inferred_axes_km/deterministic_tempibhres/TEMP_surface_2024_z150.png,458.70812265264726,487.870002888995,4369.93390206069,4389.257784651033,x,y,inferred by registration to physically anchored HRes grid
151,investigation/tempibhres_hres_registration_controlled_v4/figures_inferred_axes_km/deterministic_tempibhres/TEMP_surface_2024_z151.png,458.70812265264726,487.870002888995,4369.93390206069,4389.257784651033,x,y,inferred by registration to physically anchored HRes grid
152,investigation/tempibhres_hres_registration_controlled_v4/figures_inferred_axes_km/deterministic_tempibhres/TEMP_surface_2024_z152.png,458.70812265264726,487.870002888995,4369.93390206069,4389.257784651033,x,y,inferred by registration to physically anchored HRes grid
153,investigation/tempibhres_hres_registration_controlled_v4/figures_inferred_axes_km/deterministic_tempibhres/TEMP_surface_2024_z153.png,458.70812265264726,487.870002888995,4369.93390206069,4389.257784651033,x,y,inferred by registration to physically anchored HRes grid
154,investigation/tempibhres_hres_registration_controlled_v4/figures_inferred_axes_km/deterministic_tempibhres/TEMP_surface_2024_z154.png,458.70812265264726,487.870002888995,4369.93390206069,4389.257784651033,x,y,inferred by registration to physically anchored HRes grid
155,investigation/tempibhres_hres_registration_controlled_v4/figures_inferred_axes_km/deterministic_tempibhres/TEMP_surface_2024_z155.png,458.70812265264726,487.870002888995,4369.93390206069,4389.257784651033,x,y,inferred by registration to physically anchored HRes grid
156,investigation/tempibhres_hres_registration_controlled_v4/figures_inferred_axes_km/deterministic_tempibhres/TEMP_surface_2024_z156.png,458.70812265264726,487.870002888995,4369.93390206069,4389.257784651033,x,y,inferred by registration to physically anchored HRes grid
157,investigation/tempibhres_hres_registration_controlled_v4/figures_inferred_axes_km/deterministic_tempibhres/TEMP_surface_2024_z157.png,458.70812265264726,487.870002888995,4369.93390206069,4389.257784651033,x,y,inferred by registration to physically anchored HRes grid
158,investigation/tempibhres_hres_registration_controlled_v4/figures_inferred_axes_km/deterministic_tempibhres/TEMP_surface_2024_z158.png,458.70812265264726,487.870002888995,4369.93390206069,4389.257784651033,x,y,inferred by registration to physically anchored HRes grid
159,investigation/tempibhres_hres_registration_controlled_v4/figures_inferred_axes_km/deterministic_tempibhres/TEMP_surface_2024_z159.png,458.70812265264726,487.870002888995,4369.93390206069,4389.257784651033,x,y,inferred by registration to physically anchored HRes grid
160,investigation/tempibhres_hres_registration_controlled_v4/figures_inferred_axes_km/deterministic_tempibhres/TEMP_surface_2024_z160.png,458.70812265264726,487.870002888995,4369.93390206069,4389.257784651033,x,y,inferred by registration to physically anchored HRes grid
161,investigation/tempibhres_hres_registration_controlled_v4/figures_inferred_axes_km/deterministic_tempibhres/TEMP_surface_2024_z161.png,458.70812265264726,487.870002888995,4369.93390206069,4389.257784651033,x,y,inferred by registration to physically anchored HRes grid
162,investigation/tempibhres_hres_registration_controlled_v4/figures_inferred_axes_km/deterministic_tempibhres/TEMP_surface_2024_z162.png,458.70812265264726,487.870002888995,4369.93390206069,4389.257784651033,x,y,inferred by registration to physically anchored HRes grid
163,investigation/tempibhres_hres_registration_controlled_v4/figures_inferred_axes_km/deterministic_tempibhres/TEMP_surface_2024_z163.png,458.70812265264726,487.870002888995,4369.93390206069,4389.257784651033,x,y,inferred by registration to physically anchored HRes grid
164,investigation/tempibhres_hres_registration_controlled_v4/figures_inferred_axes_km/deterministic_tempibhres/TEMP_surface_2024_z164.png,458.70812265264726,487.870002888995,4369.93390206069,4389.257784651033,x,y,inferred by registration to physically anchored HRes grid
165,investigation/tempibhres_hres_registration_controlled_v4/figures_inferred_axes_km/deterministic_tempibhres/TEMP_surface_2024_z165.png,458.70812265264726,487.870002888995,4369.93390206069,4389.257784651033,x,y,inferred by registration to physically anchored HRes grid
166,investigation/tempibhres_hres_registration_controlled_v4/figures_inferred_axes_km/deterministic_tempibhres/TEMP_surface_2024_z166.png,458.70812265264726,487.870002888995,4369.93390206069,4389.257784651033,x,y,inferred by registration to physically anchored HRes grid
167,investigation/tempibhres_hres_registration_controlled_v4/figures_inferred_axes_km/deterministic_tempibhres/TEMP_surface_2024_z167.png,458.70812265264726,487.870002888995,4369.93390206069,4389.257784651033,x,y,inferred by registration to physically anchored HRes grid
168,investigation/tempibhres_hres_registration_controlled_v4/figures_inferred_axes_km/deterministic_tempibhres/TEMP_surface_2024_z168.png,458.70812265264726,487.870002888995,4369.93390206069,4389.257784651033,x,y,inferred by registration to physically anchored HRes grid
169,investigation/tempibhres_hres_registration_controlled_v4/figures_inferred_axes_km/deterministic_tempibhres/TEMP_surface_2024_z169.png,458.70812265264726,487.870002888995,4369.93390206069,4389.257784651033,x,y,inferred by registration to physically anchored HRes grid
170,investigation/tempibhres_hres_registration_controlled_v4/figures_inferred_axes_km/deterministic_tempibhres/TEMP_surface_2024_z170.png,458.70812265264726,487.870002888995,4369.93390206069,4389.257784651033,x,y,inferred by registration to physically anchored HRes grid
171,investigation/tempibhres_hres_registration_controlled_v4/figures_inferred_axes_km/deterministic_tempibhres/TEMP_surface_2024_z171.png,458.70812265264726,487.870002888995,4369.93390206069,4389.257784651033,x,y,inferred by registration to physically anchored HRes grid
172,investigation/tempibhres_hres_registration_controlled_v4/figures_inferred_axes_km/deterministic_tempibhres/TEMP_surface_2024_z172.png,458.70812265264726,487.870002888995,4369.93390206069,4389.257784651033,x,y,inferred by registration to physically anchored HRes grid
173,investigation/tempibhres_hres_registration_controlled_v4/figures_inferred_axes_km/deterministic_tempibhres/TEMP_surface_2024_z173.png,458.70812265264726,487.870002888995,4369.93390206069,4389.257784651033,x,y,inferred by registration to physically anchored HRes grid
174,investigation/tempibhres_hres_registration_controlled_v4/figures_inferred_axes_km/deterministic_tempibhres/TEMP_surface_2024_z174.png,458.70812265264726,487.870002888995,4369.93390206069,4389.257784651033,x,y,inferred by registration to physically anchored HRes grid
175,investigation/tempibhres_hres_registration_controlled_v4/figures_inferred_axes_km/deterministic_tempibhres/TEMP_surface_2024_z175.png,458.70812265264726,487.870002888995,4369.93390206069,4389.257784651033,x,y,inferred by registration to physically anchored HRes grid
176,investigation/tempibhres_hres_registration_controlled_v4/figures_inferred_axes_km/deterministic_tempibhres/TEMP_surface_2024_z176.png,458.70812265264726,487.870002888995,4369.93390206069,4389.257784651033,x,y,inferred by registration to physically anchored HRes grid
177,investigation/tempibhres_hres_registration_controlled_v4/figures_inferred_axes_km/deterministic_tempibhres/TEMP_surface_2024_z177.png,458.70812265264726,487.870002888995,4369.93390206069,4389.257784651033,x,y,inferred by registration to physically anchored HRes grid
178,investigation/tempibhres_hres_registration_controlled_v4/figures_inferred_axes_km/deterministic_tempibhres/TEMP_surface_2024_z178.png,458.70812265264726,487.870002888995,4369.93390206069,4389.257784651033,x,y,inferred by registration to physically anchored HRes grid
179,investigation/tempibhres_hres_registration_controlled_v4/figures_inferred_axes_km/deterministic_tempibhres/TEMP_surface_2024_z179.png,458.70812265264726,487.870002888995,4369.93390206069,4389.257784651033,x,y,inferred by registration to physically anchored HRes grid
180,investigation/tempibhres_hres_registration_controlled_v4/figures_inferred_axes_km/deterministic_tempibhres/TEMP_surface_2024_z180.png,458.70812265264726,487.870002888995,4369.93390206069,4389.257784651033,x,y,inferred by registration to physically anchored HRes grid
181,investigation/tempibhres_hres_registration_controlled_v4/figures_inferred_axes_km/deterministic_tempibhres/TEMP_surface_2024_z181.png,458.70812265264726,487.870002888995,4369.93390206069,4389.257784651033,x,y,inferred by registration to physically anchored HRes grid
182,investigation/tempibhres_hres_registration_controlled_v4/figures_inferred_axes_km/deterministic_tempibhres/TEMP_surface_2024_z182.png,458.70812265264726,487.870002888995,4369.93390206069,4389.257784651033,x,y,inferred by registration to physically anchored HRes grid
183,investigation/tempibhres_hres_registration_controlled_v4/figures_inferred_axes_km/deterministic_tempibhres/TEMP_surface_2024_z183.png,458.70812265264726,487.870002888995,4369.93390206069,4389.257784651033,x,y,inferred by registration to physically anchored HRes grid
184,investigation/tempibhres_hres_registration_controlled_v4/figures_inferred_axes_km/deterministic_tempibhres/TEMP_surface_2024_z184.png,458.70812265264726,487.870002888995,4369.93390206069,4389.257784651033,x,y,inferred by registration to physically anchored HRes grid
185,investigation/tempibhres_hres_registration_controlled_v4/figures_inferred_axes_km/deterministic_tempibhres/TEMP_surface_2024_z185.png,458.70812265264726,487.870002888995,4369.93390206069,4389.257784651033,x,y,inferred by registration to physically anchored HRes grid
186,investigation/tempibhres_hres_registration_controlled_v4/figures_inferred_axes_km/deterministic_tempibhres/TEMP_surface_2024_z186.png,458.70812265264726,487.870002888995,4369.93390206069,4389.257784651033,x,y,inferred by registration to physically anchored HRes grid
187,investigation/tempibhres_hres_registration_controlled_v4/figures_inferred_axes_km/deterministic_tempibhres/TEMP_surface_2024_z187.png,458.70812265264726,487.870002888995,4369.93390206069,4389.257784651033,x,y,inferred by registration to physically anchored HRes grid
188,investigation/tempibhres_hres_registration_controlled_v4/figures_inferred_axes_km/deterministic_tempibhres/TEMP_surface_2024_z188.png,458.70812265264726,487.870002888995,4369.93390206069,4389.257784651033,x,y,inferred by registration to physically anchored HRes grid
189,investigation/tempibhres_hres_registration_controlled_v4/figures_inferred_axes_km/deterministic_tempibhres/TEMP_surface_2024_z189.png,458.70812265264726,487.870002888995,4369.93390206069,4389.257784651033,x,y,inferred by registration to physically anchored HRes grid
190,investigation/tempibhres_hres_registration_controlled_v4/figures_inferred_axes_km/deterministic_tempibhres/TEMP_surface_2024_z190.png,458.70812265264726,487.870002888995,4369.93390206069,4389.257784651033,x,y,inferred by registration to physically anchored HRes grid
191,investigation/tempibhres_hres_registration_controlled_v4/figures_inferred_axes_km/deterministic_tempibhres/TEMP_surface_2024_z191.png,458.70812265264726,487.870002888995,4369.93390206069,4389.257784651033,x,y,inferred by registration to physically anchored HRes grid
192,investigation/tempibhres_hres_registration_controlled_v4/figures_inferred_axes_km/deterministic_tempibhres/TEMP_surface_2024_z192.png,458.70812265264726,487.870002888995,4369.93390206069,4389.257784651033,x,y,inferred by registration to physically anchored HRes grid
193,investigation/tempibhres_hres_registration_controlled_v4/figures_inferred_axes_km/deterministic_tempibhres/TEMP_surface_2024_z193.png,458.70812265264726,487.870002888995,4369.93390206069,4389.257784651033,x,y,inferred by registration to physically anchored HRes grid
194,investigation/tempibhres_hres_registration_controlled_v4/figures_inferred_axes_km/deterministic_tempibhres/TEMP_surface_2024_z194.png,458.70812265264726,487.870002888995,4369.93390206069,4389.257784651033,x,y,inferred by registration to physically anchored HRes grid
195,investigation/tempibhres_hres_registration_controlled_v4/figures_inferred_axes_km/deterministic_tempibhres/TEMP_surface_2024_z195.png,458.70812265264726,487.870002888995,4369.93390206069,4389.257784651033,x,y,inferred by registration to physically anchored HRes grid
196,investigation/tempibhres_hres_registration_controlled_v4/figures_inferred_axes_km/deterministic_tempibhres/TEMP_surface_2024_z196.png,458.70812265264726,487.870002888995,4369.93390206069,4389.257784651033,x,y,inferred by registration to physically anchored HRes grid
197,investigation/tempibhres_hres_registration_controlled_v4/figures_inferred_axes_km/deterministic_tempibhres/TEMP_surface_2024_z197.png,458.70812265264726,487.870002888995,4369.93390206069,4389.257784651033,x,y,inferred by registration to physically anchored HRes grid
198,investigation/tempibhres_hres_registration_controlled_v4/figures_inferred_axes_km/deterministic_tempibhres/TEMP_surface_2024_z198.png,458.70812265264726,487.870002888995,4369.93390206069,4389.257784651033,x,y,inferred by registration to physically anchored HRes grid
199,investigation/tempibhres_hres_registration_controlled_v4/figures_inferred_axes_km/deterministic_tempibhres/TEMP_surface_2024_z199.png,458.70812265264726,487.870002888995,4369.93390206069,4389.257784651033,x,y,inferred by registration to physically anchored HRes grid
200,investigation/tempibhres_hres_registration_controlled_v4/figures_inferred_axes_km/deterministic_tempibhres/TEMP_surface_2024_z200.png,458.70812265264726,487.870002888995,4369.93390206069,4389.257784651033,x,y,inferred by registration to physically anchored HRes grid
201,investigation/tempibhres_hres_registration_controlled_v4/figures_inferred_axes_km/deterministic_tempibhres/TEMP_surface_2024_z201.png,458.70812265264726,487.870002888995,4369.93390206069,4389.257784651033,x,y,inferred by registration to physically anchored HRes grid
202,investigation/tempibhres_hres_registration_controlled_v4/figures_inferred_axes_km/deterministic_tempibhres/TEMP_surface_2024_z202.png,458.70812265264726,487.870002888995,4369.93390206069,4389.257784651033,x,y,inferred by registration to physically anchored HRes grid
203,investigation/tempibhres_hres_registration_controlled_v4/figures_inferred_axes_km/deterministic_tempibhres/TEMP_surface_2024_z203.png,458.70812265264726,487.870002888995,4369.93390206069,4389.257784651033,x,y,inferred by registration to physically anchored HRes grid
204,investigation/tempibhres_hres_registration_controlled_v4/figures_inferred_axes_km/deterministic_tempibhres/TEMP_surface_2024_z204.png,458.70812265264726,487.870002888995,4369.93390206069,4389.257784651033,x,y,inferred by registration to physically anchored HRes grid
205,investigation/tempibhres_hres_registration_controlled_v4/figures_inferred_axes_km/deterministic_tempibhres/TEMP_surface_2024_z205.png,458.70812265264726,487.870002888995,4369.93390206069,4389.257784651033,x,y,inferred by registration to physically anchored HRes grid
206,investigation/tempibhres_hres_registration_controlled_v4/figures_inferred_axes_km/deterministic_tempibhres/TEMP_surface_2024_z206.png,458.70812265264726,487.870002888995,4369.93390206069,4389.257784651033,x,y,inferred by registration to physically anchored HRes grid
207,investigation/tempibhres_hres_registration_controlled_v4/figures_inferred_axes_km/deterministic_tempibhres/TEMP_surface_2024_z207.png,458.70812265264726,487.870002888995,4369.93390206069,4389.257784651033,x,y,inferred by registration to physically anchored HRes grid
208,investigation/tempibhres_hres_registration_controlled_v4/figures_inferred_axes_km/deterministic_tempibhres/TEMP_surface_2024_z208.png,458.70812265264726,487.870002888995,4369.93390206069,4389.257784651033,x,y,inferred by registration to physically anchored HRes grid
209,investigation/tempibhres_hres_registration_controlled_v4/figures_inferred_axes_km/deterministic_tempibhres/TEMP_surface_2024_z209.png,458.70812265264726,487.870002888995,4369.93390206069,4389.257784651033,x,y,inferred by registration to physically anchored HRes grid
210,investigation/tempibhres_hres_registration_controlled_v4/figures_inferred_axes_km/deterministic_tempibhres/TEMP_surface_2024_z210.png,458.70812265264726,487.870002888995,4369.93390206069,4389.257784651033,x,y,inferred by registration to physically anchored HRes grid
211,investigation/tempibhres_hres_registration_controlled_v4/figures_inferred_axes_km/deterministic_tempibhres/TEMP_surface_2024_z211.png,458.70812265264726,487.870002888995,4369.93390206069,4389.257784651033,x,y,inferred by registration to physically anchored HRes grid
212,investigation/tempibhres_hres_registration_controlled_v4/figures_inferred_axes_km/deterministic_tempibhres/TEMP_surface_2024_z212.png,458.70812265264726,487.870002888995,4369.93390206069,4389.257784651033,x,y,inferred by registration to physically anchored HRes grid
213,investigation/tempibhres_hres_registration_controlled_v4/figures_inferred_axes_km/deterministic_tempibhres/TEMP_surface_2024_z213.png,458.70812265264726,487.870002888995,4369.93390206069,4389.257784651033,x,y,inferred by registration to physically anchored HRes grid
214,investigation/tempibhres_hres_registration_controlled_v4/figures_inferred_axes_km/deterministic_tempibhres/TEMP_surface_2024_z214.png,458.70812265264726,487.870002888995,4369.93390206069,4389.257784651033,x,y,inferred by registration to physically anchored HRes grid
215,investigation/tempibhres_hres_registration_controlled_v4/figures_inferred_axes_km/deterministic_tempibhres/TEMP_surface_2024_z215.png,458.70812265264726,487.870002888995,4369.93390206069,4389.257784651033,x,y,inferred by registration to physically anchored HRes grid
216,investigation/tempibhres_hres_registration_controlled_v4/figures_inferred_axes_km/deterministic_tempibhres/TEMP_surface_2024_z216.png,458.70812265264726,487.870002888995,4369.93390206069,4389.257784651033,x,y,inferred by registration to physically anchored HRes grid
217,investigation/tempibhres_hres_registration_controlled_v4/figures_inferred_axes_km/deterministic_tempibhres/TEMP_surface_2024_z217.png,458.70812265264726,487.870002888995,4369.93390206069,4389.257784651033,x,y,inferred by registration to physically anchored HRes grid
218,investigation/tempibhres_hres_registration_controlled_v4/figures_inferred_axes_km/deterministic_tempibhres/TEMP_surface_2024_z218.png,458.70812265264726,487.870002888995,4369.93390206069,4389.257784651033,x,y,inferred by registration to physically anchored HRes grid
219,investigation/tempibhres_hres_registration_controlled_v4/figures_inferred_axes_km/deterministic_tempibhres/TEMP_surface_2024_z219.png,458.70812265264726,487.870002888995,4369.93390206069,4389.257784651033,x,y,inferred by registration to physically anchored HRes grid
220,investigation/tempibhres_hres_registration_controlled_v4/figures_inferred_axes_km/deterministic_tempibhres/TEMP_surface_2024_z220.png,458.70812265264726,487.870002888995,4369.93390206069,4389.257784651033,x,y,inferred by registration to physically anchored HRes grid
221,investigation/tempibhres_hres_registration_controlled_v4/figures_inferred_axes_km/deterministic_tempibhres/TEMP_surface_2024_z221.png,458.70812265264726,487.870002888995,4369.93390206069,4389.257784651033,x,y,inferred by registration to physically anchored HRes grid
222,investigation/tempibhres_hres_registration_controlled_v4/figures_inferred_axes_km/deterministic_tempibhres/TEMP_surface_2024_z222.png,458.70812265264726,487.870002888995,4369.93390206069,4389.257784651033,x,y,inferred by registration to physically anchored HRes grid
223,investigation/tempibhres_hres_registration_controlled_v4/figures_inferred_axes_km/deterministic_tempibhres/TEMP_surface_2024_z223.png,458.70812265264726,487.870002888995,4369.93390206069,4389.257784651033,x,y,inferred by registration to physically anchored HRes grid
224,investigation/tempibhres_hres_registration_controlled_v4/figures_inferred_axes_km/deterministic_tempibhres/TEMP_surface_2024_z224.png,458.70812265264726,487.870002888995,4369.93390206069,4389.257784651033,x,y,inferred by registration to physically anchored HRes grid
225,investigation/tempibhres_hres_registration_controlled_v4/figures_inferred_axes_km/deterministic_tempibhres/TEMP_surface_2024_z225.png,458.70812265264726,487.870002888995,4369.93390206069,4389.257784651033,x,y,inferred by registration to physically anchored HRes grid
226,investigation/tempibhres_hres_registration_controlled_v4/figures_inferred_axes_km/deterministic_tempibhres/TEMP_surface_2024_z226.png,458.70812265264726,487.870002888995,4369.93390206069,4389.257784651033,x,y,inferred by registration to physically anchored HRes grid
227,investigation/tempibhres_hres_registration_controlled_v4/figures_inferred_axes_km/deterministic_tempibhres/TEMP_surface_2024_z227.png,458.70812265264726,487.870002888995,4369.93390206069,4389.257784651033,x,y,inferred by registration to physically anchored HRes grid
228,investigation/tempibhres_hres_registration_controlled_v4/figures_inferred_axes_km/deterministic_tempibhres/TEMP_surface_2024_z228.png,458.70812265264726,487.870002888995,4369.93390206069,4389.257784651033,x,y,inferred by registration to physically anchored HRes grid
229,investigation/tempibhres_hres_registration_controlled_v4/figures_inferred_axes_km/deterministic_tempibhres/TEMP_surface_2024_z229.png,458.70812265264726,487.870002888995,4369.93390206069,4389.257784651033,x,y,inferred by registration to physically anchored HRes grid
230,investigation/tempibhres_hres_registration_controlled_v4/figures_inferred_axes_km/deterministic_tempibhres/TEMP_surface_2024_z230.png,458.70812265264726,487.870002888995,4369.93390206069,4389.257784651033,x,y,inferred by registration to physically anchored HRes grid
231,investigation/tempibhres_hres_registration_controlled_v4/figures_inferred_axes_km/deterministic_tempibhres/TEMP_surface_2024_z231.png,458.70812265264726,487.870002888995,4369.93390206069,4389.257784651033,x,y,inferred by registration to physically anchored HRes grid
232,investigation/tempibhres_hres_registration_controlled_v4/figures_inferred_axes_km/deterministic_tempibhres/TEMP_surface_2024_z232.png,458.70812265264726,487.870002888995,4369.93390206069,4389.257784651033,x,y,inferred by registration to physically anchored HRes grid
233,investigation/tempibhres_hres_registration_controlled_v4/figures_inferred_axes_km/deterministic_tempibhres/TEMP_surface_2024_z233.png,458.70812265264726,487.870002888995,4369.93390206069,4389.257784651033,x,y,inferred by registration to physically anchored HRes grid
234,investigation/tempibhres_hres_registration_controlled_v4/figures_inferred_axes_km/deterministic_tempibhres/TEMP_surface_2024_z234.png,458.70812265264726,487.870002888995,4369.93390206069,4389.257784651033,x,y,inferred by registration to physically anchored HRes grid
235,investigation/tempibhres_hres_registration_controlled_v4/figures_inferred_axes_km/deterministic_tempibhres/TEMP_surface_2024_z235.png,458.70812265264726,487.870002888995,4369.93390206069,4389.257784651033,x,y,inferred by registration to physically anchored HRes grid
236,investigation/tempibhres_hres_registration_controlled_v4/figures_inferred_axes_km/deterministic_tempibhres/TEMP_surface_2024_z236.png,458.70812265264726,487.870002888995,4369.93390206069,4389.257784651033,x,y,inferred by registration to physically anchored HRes grid
237,investigation/tempibhres_hres_registration_controlled_v4/figures_inferred_axes_km/deterministic_tempibhres/TEMP_surface_2024_z237.png,458.70812265264726,487.870002888995,4369.93390206069,4389.257784651033,x,y,inferred by registration to physically anchored HRes grid
238,investigation/tempibhres_hres_registration_controlled_v4/figures_inferred_axes_km/deterministic_tempibhres/TEMP_surface_2024_z238.png,458.70812265264726,487.870002888995,4369.93390206069,4389.257784651033,x,y,inferred by registration to physically anchored HRes grid
239,investigation/tempibhres_hres_registration_controlled_v4/figures_inferred_axes_km/deterministic_tempibhres/TEMP_surface_2024_z239.png,458.70812265264726,487.870002888995,4369.93390206069,4389.257784651033,x,y,inferred by registration to physically anchored HRes grid
240,investigation/tempibhres_hres_registration_controlled_v4/figures_inferred_axes_km/deterministic_tempibhres/TEMP_surface_2024_z240.png,458.70812265264726,487.870002888995,4369.93390206069,4389.257784651033,x,y,inferred by registration to physically anchored HRes grid
241,investigation/tempibhres_hres_registration_controlled_v4/figures_inferred_axes_km/deterministic_tempibhres/TEMP_surface_2024_z241.png,458.70812265264726,487.870002888995,4369.93390206069,4389.257784651033,x,y,inferred by registration to physically anchored HRes grid
242,investigation/tempibhres_hres_registration_controlled_v4/figures_inferred_axes_km/deterministic_tempibhres/TEMP_surface_2024_z242.png,458.70812265264726,487.870002888995,4369.93390206069,4389.257784651033,x,y,inferred by registration to physically anchored HRes grid
243,investigation/tempibhres_hres_registration_controlled_v4/figures_inferred_axes_km/deterministic_tempibhres/TEMP_surface_2024_z243.png,458.70812265264726,487.870002888995,4369.93390206069,4389.257784651033,x,y,inferred by registration to physically anchored HRes grid
244,investigation/tempibhres_hres_registration_controlled_v4/figures_inferred_axes_km/deterministic_tempibhres/TEMP_surface_2024_z244.png,458.70812265264726,487.870002888995,4369.93390206069,4389.257784651033,x,y,inferred by registration to physically anchored HRes grid
245,investigation/tempibhres_hres_registration_controlled_v4/figures_inferred_axes_km/deterministic_tempibhres/TEMP_surface_2024_z245.png,458.70812265264726,487.870002888995,4369.93390206069,4389.257784651033,x,y,inferred by registration to physically anchored HRes grid
246,investigation/tempibhres_hres_registration_controlled_v4/figures_inferred_axes_km/deterministic_tempibhres/TEMP_surface_2024_z246.png,458.70812265264726,487.870002888995,4369.93390206069,4389.257784651033,x,y,inferred by registration to physically anchored HRes grid
247,investigation/tempibhres_hres_registration_controlled_v4/figures_inferred_axes_km/deterministic_tempibhres/TEMP_surface_2024_z247.png,458.70812265264726,487.870002888995,4369.93390206069,4389.257784651033,x,y,inferred by registration to physically anchored HRes grid
248,investigation/tempibhres_hres_registration_controlled_v4/figures_inferred_axes_km/deterministic_tempibhres/TEMP_surface_2024_z248.png,458.70812265264726,487.870002888995,4369.93390206069,4389.257784651033,x,y,inferred by registration to physically anchored HRes grid
249,investigation/tempibhres_hres_registration_controlled_v4/figures_inferred_axes_km/deterministic_tempibhres/TEMP_surface_2024_z249.png,458.70812265264726,487.870002888995,4369.93390206069,4389.257784651033,x,y,inferred by registration to physically anchored HRes grid
250,investigation/tempibhres_hres_registration_controlled_v4/figures_inferred_axes_km/deterministic_tempibhres/TEMP_surface_2024_z250.png,458.70812265264726,487.870002888995,4369.93390206069,4389.257784651033,x,y,inferred by registration to physically anchored HRes grid
251,investigation/tempibhres_hres_registration_controlled_v4/figures_inferred_axes_km/deterministic_tempibhres/TEMP_surface_2024_z251.png,458.70812265264726,487.870002888995,4369.93390206069,4389.257784651033,x,y,inferred by registration to physically anchored HRes grid
252,investigation/tempibhres_hres_registration_controlled_v4/figures_inferred_axes_km/deterministic_tempibhres/TEMP_surface_2024_z252.png,458.70812265264726,487.870002888995,4369.93390206069,4389.257784651033,x,y,inferred by registration to physically anchored HRes grid
253,investigation/tempibhres_hres_registration_controlled_v4/figures_inferred_axes_km/deterministic_tempibhres/TEMP_surface_2024_z253.png,458.70812265264726,487.870002888995,4369.93390206069,4389.257784651033,x,y,inferred by registration to physically anchored HRes grid
254,investigation/tempibhres_hres_registration_controlled_v4/figures_inferred_axes_km/deterministic_tempibhres/TEMP_surface_2024_z254.png,458.70812265264726,487.870002888995,4369.93390206069,4389.257784651033,x,y,inferred by registration to physically anchored HRes grid
255,investigation/tempibhres_hres_registration_controlled_v4/figures_inferred_axes_km/deterministic_tempibhres/TEMP_surface_2024_z255.png,458.70812265264726,487.870002888995,4369.93390206069,4389.257784651033,x,y,inferred by registration to physically anchored HRes grid
256,investigation/tempibhres_hres_registration_controlled_v4/figures_inferred_axes_km/deterministic_tempibhres/TEMP_surface_2024_z256.png,458.70812265264726,487.870002888995,4369.93390206069,4389.257784651033,x,y,inferred by registration to physically anchored HRes grid
257,investigation/tempibhres_hres_registration_controlled_v4/figures_inferred_axes_km/deterministic_tempibhres/TEMP_surface_2024_z257.png,458.70812265264726,487.870002888995,4369.93390206069,4389.257784651033,x,y,inferred by registration to physically anchored HRes grid
258,investigation/tempibhres_hres_registration_controlled_v4/figures_inferred_axes_km/deterministic_tempibhres/TEMP_surface_2024_z258.png,458.70812265264726,487.870002888995,4369.93390206069,4389.257784651033,x,y,inferred by registration to physically anchored HRes grid
259,investigation/tempibhres_hres_registration_controlled_v4/figures_inferred_axes_km/deterministic_tempibhres/TEMP_surface_2024_z259.png,458.70812265264726,487.870002888995,4369.93390206069,4389.257784651033,x,y,inferred by registration to physically anchored HRes grid
260,investigation/tempibhres_hres_registration_controlled_v4/figures_inferred_axes_km/deterministic_tempibhres/TEMP_surface_2024_z260.png,458.70812265264726,487.870002888995,4369.93390206069,4389.257784651033,x,y,inferred by registration to physically anchored HRes grid
261,investigation/tempibhres_hres_registration_controlled_v4/figures_inferred_axes_km/deterministic_tempibhres/TEMP_surface_2024_z261.png,458.70812265264726,487.870002888995,4369.93390206069,4389.257784651033,x,y,inferred by registration to physically anchored HRes grid
262,investigation/tempibhres_hres_registration_controlled_v4/figures_inferred_axes_km/deterministic_tempibhres/TEMP_surface_2024_z262.png,458.70812265264726,487.870002888995,4369.93390206069,4389.257784651033,x,y,inferred by registration to physically anchored HRes grid
263,investigation/tempibhres_hres_registration_controlled_v4/figures_inferred_axes_km/deterministic_tempibhres/TEMP_surface_2024_z263.png,458.70812265264726,487.870002888995,4369.93390206069,4389.257784651033,x,y,inferred by registration to physically anchored HRes grid
264,investigation/tempibhres_hres_registration_controlled_v4/figures_inferred_axes_km/deterministic_tempibhres/TEMP_surface_2024_z264.png,458.70812265264726,487.870002888995,4369.93390206069,4389.257784651033,x,y,inferred by registration to physically anchored HRes grid
265,investigation/tempibhres_hres_registration_controlled_v4/figures_inferred_axes_km/deterministic_tempibhres/TEMP_surface_2024_z265.png,458.70812265264726,487.870002888995,4369.93390206069,4389.257784651033,x,y,inferred by registration to physically anchored HRes grid
266,investigation/tempibhres_hres_registration_controlled_v4/figures_inferred_axes_km/deterministic_tempibhres/TEMP_surface_2024_z266.png,458.70812265264726,487.870002888995,4369.93390206069,4389.257784651033,x,y,inferred by registration to physically anchored HRes grid
267,investigation/tempibhres_hres_registration_controlled_v4/figures_inferred_axes_km/deterministic_tempibhres/TEMP_surface_2024_z267.png,458.70812265264726,487.870002888995,4369.93390206069,4389.257784651033,x,y,inferred by registration to physically anchored HRes grid
268,investigation/tempibhres_hres_registration_controlled_v4/figures_inferred_axes_km/deterministic_tempibhres/TEMP_surface_2024_z268.png,458.70812265264726,487.870002888995,4369.93390206069,4389.257784651033,x,y,inferred by registration to physically anchored HRes grid
269,investigation/tempibhres_hres_registration_controlled_v4/figures_inferred_axes_km/deterministic_tempibhres/TEMP_surface_2024_z269.png,458.70812265264726,487.870002888995,4369.93390206069,4389.257784651033,x,y,inferred by registration to physically anchored HRes grid
270,investigation/tempibhres_hres_registration_controlled_v4/figures_inferred_axes_km/deterministic_tempibhres/TEMP_surface_2024_z270.png,458.70812265264726,487.870002888995,4369.93390206069,4389.257784651033,x,y,inferred by registration to physically anchored HRes grid
271,investigation/tempibhres_hres_registration_controlled_v4/figures_inferred_axes_km/deterministic_tempibhres/TEMP_surface_2024_z271.png,458.70812265264726,487.870002888995,4369.93390206069,4389.257784651033,x,y,inferred by registration to physically anchored HRes grid
272,investigation/tempibhres_hres_registration_controlled_v4/figures_inferred_axes_km/deterministic_tempibhres/TEMP_surface_2024_z272.png,458.70812265264726,487.870002888995,4369.93390206069,4389.257784651033,x,y,inferred by registration to physically anchored HRes grid
273,investigation/tempibhres_hres_registration_controlled_v4/figures_inferred_axes_km/deterministic_tempibhres/TEMP_surface_2024_z273.png,458.70812265264726,487.870002888995,4369.93390206069,4389.257784651033,x,y,inferred by registration to physically anchored HRes grid
274,investigation/tempibhres_hres_registration_controlled_v4/figures_inferred_axes_km/deterministic_tempibhres/TEMP_surface_2024_z274.png,458.70812265264726,487.870002888995,4369.93390206069,4389.257784651033,x,y,inferred by registration to physically anchored HRes grid
275,investigation/tempibhres_hres_registration_controlled_v4/figures_inferred_axes_km/deterministic_tempibhres/TEMP_surface_2024_z275.png,458.70812265264726,487.870002888995,4369.93390206069,4389.257784651033,x,y,inferred by registration to physically anchored HRes grid
276,investigation/tempibhres_hres_registration_controlled_v4/figures_inferred_axes_km/deterministic_tempibhres/TEMP_surface_2024_z276.png,458.70812265264726,487.870002888995,4369.93390206069,4389.257784651033,x,y,inferred by registration to physically anchored HRes grid
277,investigation/tempibhres_hres_registration_controlled_v4/figures_inferred_axes_km/deterministic_tempibhres/TEMP_surface_2024_z277.png,458.70812265264726,487.870002888995,4369.93390206069,4389.257784651033,x,y,inferred by registration to physically anchored HRes grid
278,investigation/tempibhres_hres_registration_controlled_v4/figures_inferred_axes_km/deterministic_tempibhres/TEMP_surface_2024_z278.png,458.70812265264726,487.870002888995,4369.93390206069,4389.257784651033,x,y,inferred by registration to physically anchored HRes grid
279,investigation/tempibhres_hres_registration_controlled_v4/figures_inferred_axes_km/deterministic_tempibhres/TEMP_surface_2024_z279.png,458.70812265264726,487.870002888995,4369.93390206069,4389.257784651033,x,y,inferred by registration to physically anchored HRes grid
280,investigation/tempibhres_hres_registration_controlled_v4/figures_inferred_axes_km/deterministic_tempibhres/TEMP_surface_2024_z280.png,458.70812265264726,487.870002888995,4369.93390206069,4389.257784651033,x,y,inferred by registration to physically anchored HRes grid
281,investigation/tempibhres_hres_registration_controlled_v4/figures_inferred_axes_km/deterministic_tempibhres/TEMP_surface_2024_z281.png,458.70812265264726,487.870002888995,4369.93390206069,4389.257784651033,x,y,inferred by registration to physically anchored HRes grid
282,investigation/tempibhres_hres_registration_controlled_v4/figures_inferred_axes_km/deterministic_tempibhres/TEMP_surface_2024_z282.png,458.70812265264726,487.870002888995,4369.93390206069,4389.257784651033,x,y,inferred by registration to physically anchored HRes grid
283,investigation/tempibhres_hres_registration_controlled_v4/figures_inferred_axes_km/deterministic_tempibhres/TEMP_surface_2024_z283.png,458.70812265264726,487.870002888995,4369.93390206069,4389.257784651033,x,y,inferred by registration to physically anchored HRes grid
284,investigation/tempibhres_hres_registration_controlled_v4/figures_inferred_axes_km/deterministic_tempibhres/TEMP_surface_2024_z284.png,458.70812265264726,487.870002888995,4369.93390206069,4389.257784651033,x,y,inferred by registration to physically anchored HRes grid
285,investigation/tempibhres_hres_registration_controlled_v4/figures_inferred_axes_km/deterministic_tempibhres/TEMP_surface_2024_z285.png,458.70812265264726,487.870002888995,4369.93390206069,4389.257784651033,x,y,inferred by registration to physically anchored HRes grid
286,investigation/tempibhres_hres_registration_controlled_v4/figures_inferred_axes_km/deterministic_tempibhres/TEMP_surface_2024_z286.png,458.70812265264726,487.870002888995,4369.93390206069,4389.257784651033,x,y,inferred by registration to physically anchored HRes grid
287,investigation/tempibhres_hres_registration_controlled_v4/figures_inferred_axes_km/deterministic_tempibhres/TEMP_surface_2024_z287.png,458.70812265264726,487.870002888995,4369.93390206069,4389.257784651033,x,y,inferred by registration to physically anchored HRes grid
288,investigation/tempibhres_hres_registration_controlled_v4/figures_inferred_axes_km/deterministic_tempibhres/TEMP_surface_2024_z288.png,458.70812265264726,487.870002888995,4369.93390206069,4389.257784651033,x,y,inferred by registration to physically anchored HRes grid
289,investigation/tempibhres_hres_registration_controlled_v4/figures_inferred_axes_km/deterministic_tempibhres/TEMP_surface_2024_z289.png,458.70812265264726,487.870002888995,4369.93390206069,4389.257784651033,x,y,inferred by registration to physically anchored HRes grid
290,investigation/tempibhres_hres_registration_controlled_v4/figures_inferred_axes_km/deterministic_tempibhres/TEMP_surface_2024_z290.png,458.70812265264726,487.870002888995,4369.93390206069,4389.257784651033,x,y,inferred by registration to physically anchored HRes grid
291,investigation/tempibhres_hres_registration_controlled_v4/figures_inferred_axes_km/deterministic_tempibhres/TEMP_surface_2024_z291.png,458.70812265264726,487.870002888995,4369.93390206069,4389.257784651033,x,y,inferred by registration to physically anchored HRes grid
292,investigation/tempibhres_hres_registration_controlled_v4/figures_inferred_axes_km/deterministic_tempibhres/TEMP_surface_2024_z292.png,458.70812265264726,487.870002888995,4369.93390206069,4389.257784651033,x,y,inferred by registration to physically anchored HRes grid
293,investigation/tempibhres_hres_registration_controlled_v4/figures_inferred_axes_km/deterministic_tempibhres/TEMP_surface_2024_z293.png,458.70812265264726,487.870002888995,4369.93390206069,4389.257784651033,x,y,inferred by registration to physically anchored HRes grid
294,investigation/tempibhres_hres_registration_controlled_v4/figures_inferred_axes_km/deterministic_tempibhres/TEMP_surface_2024_z294.png,458.70812265264726,487.870002888995,4369.93390206069,4389.257784651033,x,y,inferred by registration to physically anchored HRes grid
295,investigation/tempibhres_hres_registration_controlled_v4/figures_inferred_axes_km/deterministic_tempibhres/TEMP_surface_2024_z295.png,458.70812265264726,487.870002888995,4369.93390206069,4389.257784651033,x,y,inferred by registration to physically anchored HRes grid
296,investigation/tempibhres_hres_registration_controlled_v4/figures_inferred_axes_km/deterministic_tempibhres/TEMP_surface_2024_z296.png,458.70812265264726,487.870002888995,4369.93390206069,4389.257784651033,x,y,inferred by registration to physically anchored HRes grid
297,investigation/tempibhres_hres_registration_controlled_v4/figures_inferred_axes_km/deterministic_tempibhres/TEMP_surface_2024_z297.png,458.70812265264726,487.870002888995,4369.93390206069,4389.257784651033,x,y,inferred by registration to physically anchored HRes grid
298,investigation/tempibhres_hres_registration_controlled_v4/figures_inferred_axes_km/deterministic_tempibhres/TEMP_surface_2024_z298.png,458.70812265264726,487.870002888995,4369.93390206069,4389.257784651033,x,y,inferred by registration to physically anchored HRes grid
299,investigation/tempibhres_hres_registration_controlled_v4/figures_inferred_axes_km/deterministic_tempibhres/TEMP_surface_2024_z299.png,458.70812265264726,487.870002888995,4369.93390206069,4389.257784651033,x,y,inferred by registration to physically anchored HRes grid
300,investigation/tempibhres_hres_registration_controlled_v4/figures_inferred_axes_km/deterministic_tempibhres/TEMP_surface_2024_z300.png,458.70812265264726,487.870002888995,4369.93390206069,4389.257784651033,x,y,inferred by registration to physically anchored HRes grid
